username,name,email
aruiz,Ana Ruiz,aruiz@example.com
lmendez,Luis Mendez,lmendez@example.com
mgil,Marta Gil,mgil@example.com
jpaz,Jorge Paz,jpaz@example.com
slara,Sofia Lara,slara@example.com
portiz,Pedro Ortiz,portiz@example.com
erios,Elena Rios,erios@example.com
dvega,Diego Vega,dvega@example.com
lsoto,Laura Soto,lsoto@example.com
imora,Ines Mora,imora@example.com
rcano,Raul Cano,rcano@example.com
cplan,Carla Planning,cplan@example.com
dval,Dario Validator,dval@example.com
local-user,Local developer,local@example.com
